timestamp,symbol,price,sp500,cac40,nikkei
2021-01-07,META,268.739990234375,3803.7900390625,5669.85009765625,27490.130859375
2021-01-08,META,267.57000732421875,3824.679931640625,5706.8798828125,28139.029296875
2021-01-11,META,256.8399963378906,3799.610107421875,5662.43017578125,nan
2021-01-12,META,251.08999633789062,3801.18994140625,5650.97021484375,28164.33984375
2021-01-13,META,251.63999938964844,3809.840087890625,5662.669921875,28456.58984375
2021-01-14,META,245.63999938964844,3795.5400390625,5681.14013671875,28698.259765625
2021-01-15,META,251.36000061035156,3768.25,5611.68994140625,28519.1796875
2021-01-18,META,nan,nan,5617.27001953125,28242.2109375
2021-01-19,META,261.1000061035156,3798.909912109375,5598.60986328125,28633.4609375
2021-01-20,META,267.4800109863281,3851.85009765625,5628.43994140625,28523.259765625
2021-01-21,META,272.8699951171875,3853.070068359375,5590.7900390625,28756.859375
2021-01-22,META,274.5,3841.469970703125,5559.56982421875,28631.44921875
2021-01-25,META,278.010009765625,3855.360107421875,5472.35986328125,28822.2890625
2021-01-26,META,282.04998779296875,3849.6201171875,5523.52001953125,28546.1796875
2021-01-27,META,272.1400146484375,3750.77001953125,5459.6201171875,28635.2109375
2021-01-28,META,265.0,3787.3798828125,5510.52001953125,28197.419921875
2021-01-29,META,258.3299865722656,3714.239990234375,5399.2099609375,27663.390625
2021-02-01,META,262.010009765625,3773.860107421875,5461.68017578125,28091.05078125
2021-02-02,META,267.0799865722656,3826.31005859375,5563.10986328125,28362.169921875
2021-02-03,META,266.6499938964844,3830.169921875,5563.0498046875,28646.5
2021-02-04,META,266.489990234375,3871.739990234375,5608.5400390625,28341.94921875
2021-02-05,META,268.1000061035156,3886.830078125,5659.259765625,28779.189453125
2021-02-08,META,266.5799865722656,3915.590087890625,5686.02978515625,29388.5
2021-02-09,META,269.45001220703125,3911.22998046875,5691.5400390625,29505.9296875
2021-02-10,META,271.8699951171875,3909.8798828125,5670.7998046875,29562.9296875
2021-02-11,META,270.3900146484375,3916.3798828125,5669.81982421875,nan
2021-02-12,META,270.5,3934.830078125,5703.669921875,29520.0703125
2021-02-15,META,nan,nan,5786.25,30084.150390625
2021-02-16,META,273.9700012207031,3932.590087890625,5786.52978515625,30467.75
2021-02-17,META,273.57000732421875,3931.330078125,5765.83984375,30292.189453125
2021-02-18,META,269.3900146484375,3913.969970703125,5728.330078125,30236.08984375
2021-02-19,META,261.55999755859375,3906.7099609375,5773.5498046875,30017.919921875
2021-02-22,META,260.3299865722656,3876.5,5767.43994140625,30156.029296875
2021-02-23,META,265.8599853515625,3881.3701171875,5779.83984375,nan
2021-02-24,META,264.30999755859375,3925.429931640625,5797.97998046875,29671.69921875
2021-02-25,META,254.69000244140625,3829.340087890625,5783.89013671875,30168.26953125
2021-02-26,META,257.6199951171875,3811.14990234375,5703.22021484375,28966.009765625
2021-03-01,META,264.9100036621094,3901.820068359375,5792.7900390625,29663.5
2021-03-02,META,259.0,3870.2900390625,5809.72998046875,29408.169921875
2021-03-03,META,255.41000366210938,3819.719970703125,5830.06005859375,29559.099609375
2021-03-04,META,257.6400146484375,3768.469970703125,5830.64990234375,28930.109375
2021-03-05,META,264.2799987792969,3841.93994140625,5782.64990234375,28864.3203125
2021-03-08,META,255.30999755859375,3821.35009765625,5902.990234375,28743.25
2021-03-09,META,265.739990234375,3875.43994140625,5924.97021484375,29027.939453125
2021-03-10,META,264.8999938964844,3898.81005859375,5990.5498046875,29036.560546875
2021-03-11,META,273.8800048828125,3939.340087890625,6033.759765625,29211.640625
2021-03-12,META,268.3999938964844,3943.340087890625,6046.5498046875,29717.830078125
2021-03-15,META,273.75,3968.93994140625,6035.97021484375,29766.970703125
2021-03-16,META,279.2799987792969,3962.7099609375,6055.43017578125,29921.08984375
2021-03-17,META,284.010009765625,3974.1201171875,6054.81982421875,29914.330078125
2021-03-18,META,278.6199951171875,3915.4599609375,6062.7900390625,30216.75
2021-03-19,META,290.1099853515625,3913.10009765625,5997.9599609375,29792.05078125
2021-03-22,META,293.5400085449219,3940.590087890625,5968.47998046875,29174.150390625
2021-03-23,META,290.6300048828125,3910.52001953125,5945.2998046875,28995.919921875
2021-03-24,META,282.1400146484375,3889.139892578125,5947.2900390625,28405.51953125
2021-03-25,META,278.739990234375,3909.52001953125,5952.41015625,28729.880859375
2021-03-26,META,283.0199890136719,3974.5400390625,5988.81005859375,29176.69921875
2021-03-29,META,290.82000732421875,3971.090087890625,6015.509765625,29384.51953125
2021-03-30,META,288.0,3958.550048828125,6088.0400390625,29432.69921875
2021-03-31,META,294.5299987792969,3972.889892578125,6067.22998046875,29178.80078125
2021-04-01,META,298.6600036621094,4019.8701171875,6102.9599609375,29388.869140625
2021-04-02,META,nan,nan,nan,29854.0
2021-04-05,META,308.9100036621094,4077.909912109375,nan,30089.25
2021-04-06,META,306.260009765625,4073.93994140625,6131.33984375,29696.630859375
2021-04-07,META,313.0899963378906,4079.949951171875,6130.66015625,29730.7890625
2021-04-08,META,313.0199890136719,4097.169921875,6165.72021484375,29708.98046875
2021-04-09,META,312.4599914550781,4128.7998046875,6169.41015625,29768.060546875
2021-04-12,META,311.5400085449219,4127.990234375,6161.68017578125,29538.73046875
2021-04-13,META,309.760009765625,4141.58984375,6184.10009765625,29751.609375
2021-04-14,META,302.82000732421875,4124.66015625,6208.580078125,29620.990234375
2021-04-15,META,307.82000732421875,4170.419921875,6234.14013671875,29642.689453125
2021-04-16,META,306.17999267578125,4185.47021484375,6287.06982421875,29683.369140625
2021-04-19,META,302.239990234375,4163.259765625,6296.68994140625,29685.369140625
2021-04-20,META,302.6499938964844,4134.93994140625,6165.10986328125,29100.380859375
2021-04-21,META,301.4700012207031,4173.419921875,6210.5498046875,28508.55078125
2021-04-22,META,296.5199890136719,4134.97998046875,6267.27978515625,29188.169921875
2021-04-23,META,301.1300048828125,4180.169921875,6257.93994140625,29020.630859375
2021-04-26,META,303.0400085449219,4187.6201171875,6275.52001953125,29126.23046875
2021-04-27,META,303.57000732421875,4186.72021484375,6273.759765625,28991.890625
2021-04-28,META,307.1000061035156,4183.18017578125,6306.97998046875,29053.970703125
2021-04-29,META,329.510009765625,4211.47021484375,6302.56982421875,nan
2021-04-30,META,325.0799865722656,4181.169921875,6269.47998046875,28812.630859375
2021-05-03,META,322.5799865722656,4192.66015625,6307.89990234375,nan
2021-05-04,META,318.3599853515625,4164.66015625,6251.75,nan
2021-05-05,META,315.0199890136719,4167.58984375,6339.47021484375,nan
2021-05-06,META,320.0199890136719,4201.6201171875,6357.08984375,29331.369140625
2021-05-07,META,319.0799865722656,4232.60009765625,6385.509765625,29357.8203125
2021-05-10,META,305.9700012207031,4188.43017578125,6385.990234375,29518.33984375
2021-05-11,META,306.5299987792969,4152.10009765625,6267.39013671875,28608.58984375
2021-05-12,META,302.54998779296875,4063.0400390625,6279.35009765625,28147.509765625
2021-05-13,META,305.260009765625,4112.5,6288.330078125,27448.009765625
2021-05-14,META,315.94000244140625,4173.85009765625,6385.14013671875,28084.470703125
2021-05-17,META,315.4599914550781,4163.2900390625,6367.35009765625,27824.830078125
2021-05-18,META,309.9599914550781,4127.830078125,6353.669921875,28406.83984375
2021-05-19,META,313.5899963378906,4115.68017578125,6262.5498046875,28044.44921875
2021-05-20,META,318.6099853515625,4159.1201171875,6343.580078125,28098.25
2021-05-21,META,316.2300109863281,4155.85986328125,6386.41015625,28317.830078125
2021-05-24,META,324.6300048828125,4197.0498046875,6408.490234375,28364.609375
2021-05-25,META,327.7900085449219,4188.1298828125,6390.27001953125,28553.98046875
2021-05-26,META,327.6600036621094,4195.990234375,6391.60009765625,28642.189453125
2021-05-27,META,332.75,4200.8798828125,6435.7099609375,28549.009765625
2021-05-28,META,328.7300109863281,4204.10986328125,6484.10986328125,29149.41015625
2021-05-31,META,nan,nan,6447.169921875,28860.080078125
2021-06-01,META,329.1300048828125,4202.0400390625,6489.39990234375,28814.33984375
2021-06-02,META,329.1499938964844,4208.1201171875,6521.52001953125,28946.140625
2021-06-03,META,326.0400085449219,4192.85009765625,6507.919921875,29058.109375
2021-06-04,META,330.3500061035156,4229.89013671875,6515.66015625,28941.51953125
2021-06-07,META,336.5799865722656,4226.52001953125,6543.56005859375,29019.240234375
2021-06-08,META,333.67999267578125,4227.259765625,6551.009765625,28963.560546875
2021-06-09,META,330.25,4219.5498046875,6563.4501953125,28860.80078125
2021-06-10,META,332.4599914550781,4239.18017578125,6546.490234375,28958.560546875
2021-06-11,META,331.260009765625,4247.43994140625,6600.66015625,28948.73046875
2021-06-14,META,336.7699890136719,4255.14990234375,6616.35009765625,29161.80078125
2021-06-15,META,336.75,4246.58984375,6639.52001953125,29441.30078125
2021-06-16,META,331.0799865722656,4223.7001953125,6652.64990234375,29291.009765625
2021-06-17,META,336.510009765625,4221.85986328125,6666.259765625,29018.330078125
2021-06-18,META,329.6600036621094,4166.4501953125,6569.16015625,28964.080078125
2021-06-21,META,332.2900085449219,4224.7900390625,6602.5400390625,28010.9296875
2021-06-22,META,339.0299987792969,4246.43994140625,6611.5,28884.130859375
2021-06-23,META,340.5899963378906,4241.83984375,6551.06982421875,28874.890625
2021-06-24,META,343.17999267578125,4266.490234375,6631.14990234375,28875.23046875
2021-06-25,META,341.3699951171875,4280.7001953125,6622.8701171875,29066.1796875
2021-06-28,META,355.6400146484375,4290.60986328125,6558.02001953125,29048.01953125
2021-06-29,META,351.8900146484375,4291.7998046875,6567.43017578125,28812.609375
2021-06-30,META,347.7099914550781,4297.5,6507.830078125,28791.529296875
2021-07-01,META,354.3900146484375,4319.93994140625,6553.81982421875,28707.0390625
2021-07-02,META,354.70001220703125,4352.33984375,6552.85986328125,28783.279296875
2021-07-05,META,nan,nan,6567.5400390625,28598.189453125
2021-07-06,META,352.7799987792969,4343.5400390625,6507.47998046875,28643.2109375
2021-07-07,META,350.489990234375,4358.1298828125,6527.72021484375,28366.94921875
2021-07-08,META,345.6499938964844,4320.81982421875,6396.72998046875,28118.029296875
2021-07-09,META,350.4200134277344,4369.5498046875,6529.419921875,27940.419921875
2021-07-12,META,353.1600036621094,4384.6298828125,6559.25,28569.01953125
2021-07-13,META,352.0899963378906,4369.2099609375,6558.47021484375,28718.240234375
2021-07-14,META,347.6300048828125,4374.2998046875,6558.3798828125,28608.490234375
2021-07-15,META,344.4599914550781,4360.02978515625,6493.35986328125,28279.08984375
2021-07-16,META,341.1600036621094,4327.16015625,6460.080078125,28003.080078125
2021-07-19,META,336.95001220703125,4258.490234375,6295.97021484375,27652.740234375
2021-07-20,META,341.6600036621094,4323.06005859375,6346.85009765625,27388.16015625
2021-07-21,META,346.2300109863281,4358.68994140625,6464.47998046875,27548.0
2021-07-22,META,351.19000244140625,4367.47998046875,6481.58984375,nan
2021-07-23,META,369.7900085449219,4411.7900390625,6568.81982421875,nan
2021-07-26,META,372.4599914550781,4422.2998046875,6578.60009765625,27833.2890625
2021-07-27,META,367.80999755859375,4401.4599609375,6531.919921875,27970.220703125
2021-07-28,META,373.2799987792969,4400.64013671875,6609.31005859375,27581.66015625
2021-07-29,META,358.32000732421875,4419.14990234375,6633.77001953125,27782.419921875
2021-07-30,META,356.29998779296875,4395.259765625,6612.759765625,27283.58984375
2021-08-02,META,351.95001220703125,4387.16015625,6675.89990234375,27781.01953125
2021-08-03,META,351.239990234375,4423.14990234375,6723.81005859375,27641.830078125
2021-08-04,META,358.9200134277344,4402.66015625,6746.22998046875,27584.080078125
2021-08-05,META,362.9700012207031,4429.10009765625,6781.18994140625,27728.119140625
2021-08-06,META,363.510009765625,4436.52001953125,6816.9599609375,27820.0390625
2021-08-09,META,361.6099853515625,4432.35009765625,6813.18017578125,nan
2021-08-10,META,361.1300048828125,4436.75,6820.2099609375,27888.150390625
2021-08-11,META,359.9599914550781,4442.41015625,6857.990234375,28070.509765625
2021-08-12,META,362.6499938964844,4460.830078125,6882.47021484375,28015.01953125
2021-08-13,META,363.17999267578125,4468.0,6896.0400390625,27977.150390625
2021-08-16,META,366.55999755859375,4479.7099609375,6838.77001953125,27523.189453125
2021-08-17,META,358.45001220703125,4448.080078125,6819.83984375,27424.470703125
2021-08-18,META,355.45001220703125,4400.27001953125,6770.10986328125,27585.91015625
2021-08-19,META,355.1199951171875,4405.7998046875,6605.89013671875,27281.169921875
2021-08-20,META,359.3699951171875,4441.669921875,6626.10986328125,27013.25
2021-08-23,META,363.3500061035156,4479.52978515625,6683.10009765625,27494.240234375
2021-08-24,META,365.510009765625,4486.22998046875,6664.31005859375,27732.099609375
2021-08-25,META,368.3900146484375,4496.18994140625,6676.47998046875,27724.80078125
2021-08-26,META,364.3800048828125,4470.0,6666.02978515625,27742.2890625
2021-08-27,META,372.6300048828125,4509.3701171875,6681.919921875,27641.140625
2021-08-30,META,380.6600036621094,4528.7900390625,6687.2998046875,27789.2890625
2021-08-31,META,379.3800048828125,4522.68017578125,6680.18017578125,28089.5390625
2021-09-01,META,382.04998779296875,4524.08984375,6758.68994140625,28451.01953125
2021-09-02,META,375.2799987792969,4536.9501953125,6763.080078125,28543.509765625
2021-09-03,META,376.260009765625,4535.43017578125,6689.990234375,29128.109375
2021-09-06,META,nan,nan,6743.5,29659.890625
2021-09-07,META,382.17999267578125,4520.02978515625,6726.06982421875,29916.140625
2021-09-08,META,377.57000732421875,4514.06982421875,6668.89013671875,30181.2109375
2021-09-09,META,378.0,4493.27978515625,6684.72021484375,30008.189453125
2021-09-10,META,378.69000244140625,4458.580078125,6663.77001953125,30381.83984375
2021-09-13,META,376.510009765625,4468.72998046875,6676.93017578125,30447.369140625
2021-09-14,META,376.5299987792969,4443.0498046875,6652.97021484375,30670.099609375
2021-09-15,META,373.9200134277344,4480.7001953125,6583.6201171875,30511.7109375
2021-09-16,META,373.05999755859375,4473.75,6622.58984375,30323.33984375
2021-09-17,META,364.7200012207031,4432.990234375,6570.18994140625,30500.05078125
2021-09-20,META,355.70001220703125,4357.72998046875,6455.81005859375,nan
2021-09-21,META,357.4800109863281,4354.18994140625,6552.72998046875,29839.7109375
2021-09-22,META,343.2099914550781,4395.64013671875,6637.0,29639.400390625
2021-09-23,META,345.9599914550781,4448.97998046875,6701.97998046875,nan
2021-09-24,META,352.9599914550781,4455.47998046875,6638.4599609375,30248.810546875
2021-09-27,META,353.5799865722656,4443.10986328125,6650.91015625,30240.060546875
2021-09-28,META,340.6499938964844,4352.6298828125,6506.5,30183.9609375
2021-09-29,META,339.6099853515625,4359.4599609375,6560.7998046875,29544.2890625
2021-09-30,META,339.3900146484375,4307.5400390625,6520.009765625,29452.66015625
2021-10-01,META,343.010009765625,4357.0400390625,6517.68994140625,28771.0703125
2021-10-04,META,326.2300109863281,4300.4599609375,6477.66015625,28444.890625
2021-10-05,META,332.9599914550781,4345.72021484375,6576.27978515625,27822.119140625
2021-10-06,META,333.6400146484375,4363.5498046875,6493.1201171875,27528.869140625
2021-10-07,META,329.2200012207031,4399.759765625,6600.18994140625,27678.2109375
2021-10-08,META,330.04998779296875,4391.33984375,6559.990234375,28048.939453125
2021-10-11,META,325.45001220703125,4361.18994140625,6570.5400390625,28498.19921875
2021-10-12,META,323.7699890136719,4350.64990234375,6548.10986328125,28230.609375
2021-10-13,META,324.5400085449219,4363.7998046875,6597.3798828125,28140.279296875
2021-10-14,META,328.5299987792969,4438.259765625,6685.2099609375,28550.9296875
2021-10-15,META,324.760009765625,4471.3701171875,6727.52001953125,29068.630859375
2021-10-18,META,335.3399963378906,4486.4599609375,6673.10009765625,29025.4609375
2021-10-19,META,339.989990234375,4519.6298828125,6669.85009765625,29215.51953125
2021-10-20,META,340.7799987792969,4536.18994140625,6705.60986328125,29255.55078125
2021-10-21,META,341.8800048828125,4549.77978515625,6686.169921875,28708.580078125
2021-10-22,META,324.6099853515625,4544.89990234375,6733.68994140625,28804.849609375
2021-10-25,META,328.69000244140625,4566.47998046875,6712.8701171875,28600.41015625
2021-10-26,META,315.80999755859375,4574.7900390625,6766.509765625,29106.009765625
2021-10-27,META,312.2200012207031,4551.68017578125,6753.52001953125,29098.240234375
2021-10-28,META,316.9200134277344,4596.419921875,6804.22021484375,28820.08984375
2021-10-29,META,323.57000732421875,4605.3798828125,6830.33984375,28892.689453125
2021-11-01,META,329.9800109863281,4613.669921875,6893.2900390625,29647.080078125
2021-11-02,META,328.0799865722656,4630.64990234375,6927.02978515625,29520.900390625
2021-11-03,META,331.6199951171875,4660.56982421875,6950.64990234375,nan
2021-11-04,META,335.8500061035156,4680.06005859375,6987.7900390625,29794.369140625
2021-11-05,META,341.1300048828125,4697.52978515625,7040.7900390625,29611.5703125
2021-11-08,META,338.6199951171875,4701.7001953125,7047.47998046875,29507.05078125
2021-11-09,META,335.3699951171875,4685.25,7043.27001953125,29285.4609375
2021-11-10,META,327.6400146484375,4646.7099609375,7045.16015625,29106.779296875
2021-11-11,META,327.739990234375,4649.27001953125,7059.5498046875,29277.859375
2021-11-12,META,340.8900146484375,4682.85009765625,7091.39990234375,29609.970703125
2021-11-15,META,347.55999755859375,4682.7998046875,7128.6298828125,29776.80078125
2021-11-16,META,342.9599914550781,4700.89990234375,7152.60009765625,29808.119140625
2021-11-17,META,340.7699890136719,4688.669921875,7156.85009765625,29688.330078125
2021-11-18,META,338.69000244140625,4704.5400390625,7141.97998046875,29598.66015625
2021-11-19,META,345.29998779296875,4697.9599609375,7112.2900390625,29745.869140625
2021-11-22,META,341.010009765625,4682.93994140625,7105.0,29774.109375
2021-11-23,META,337.25,4690.7001953125,7044.6201171875,nan
2021-11-24,META,341.05999755859375,4701.4599609375,7042.22998046875,29302.66015625
2021-11-25,META,nan,nan,7075.8701171875,29499.279296875
2021-11-26,META,333.1199951171875,4594.6201171875,6739.72998046875,28751.619140625
2021-11-29,META,338.0299987792969,4655.27001953125,6776.25,28283.919921875
2021-11-30,META,324.4599914550781,4567.0,6721.16015625,27821.759765625
2021-12-01,META,310.6000061035156,4513.0400390625,6881.8701171875,27935.619140625
2021-12-02,META,310.3900146484375,4577.10009765625,6795.75,27753.369140625
2021-12-03,META,306.8399963378906,4538.43017578125,6765.52001953125,28029.5703125
2021-12-06,META,317.8699951171875,4591.669921875,6865.77978515625,27927.369140625
2021-12-07,META,322.80999755859375,4686.75,7065.39013671875,28455.599609375
2021-12-08,META,330.55999755859375,4701.2099609375,7014.56982421875,28860.619140625
2021-12-09,META,329.82000732421875,4667.4501953125,7008.22998046875,28725.470703125
2021-12-10,META,329.75,4712.02001953125,6991.68017578125,28437.76953125
2021-12-13,META,334.489990234375,4668.97021484375,6942.91015625,28640.490234375
2021-12-14,META,333.739990234375,4634.08984375,6895.31005859375,28432.640625
2021-12-15,META,341.6600036621094,4709.85009765625,6927.6298828125,28459.720703125
2021-12-16,META,334.8999938964844,4668.669921875,7005.06982421875,29066.3203125
2021-12-17,META,333.7900085449219,4620.64013671875,6926.6298828125,28545.6796875
2021-12-20,META,325.45001220703125,4568.02001953125,6870.10009765625,27937.810546875
2021-12-21,META,334.20001220703125,4649.22998046875,6964.990234375,28517.58984375
2021-12-22,META,330.45001220703125,4696.56005859375,7051.669921875,28562.2109375
2021-12-23,META,335.239990234375,4725.7900390625,7106.14990234375,28798.369140625
2021-12-24,META,nan,nan,7086.580078125,28782.58984375
2021-12-27,META,346.17999267578125,4791.18994140625,7140.39013671875,28676.4609375
2021-12-28,META,346.2200012207031,4786.35009765625,7181.10986328125,29069.16015625
2021-12-29,META,342.94000244140625,4793.06005859375,7161.52001953125,28906.880859375
2021-12-30,META,344.3599853515625,4778.72998046875,7173.22998046875,28791.7109375
2021-12-31,META,336.3500061035156,4766.18017578125,7153.02978515625,nan
2022-01-03,META,338.5400085449219,4796.56005859375,7217.22021484375,nan
2022-01-04,META,336.5299987792969,4793.5400390625,7317.41015625,29301.7890625
2022-01-05,META,324.1700134277344,4700.580078125,7376.3701171875,29332.16015625
2022-01-06,META,332.4599914550781,4696.0498046875,7249.66015625,28487.869140625
2022-01-07,META,331.7900085449219,4677.02978515625,7219.47998046875,28478.560546875
2022-01-10,META,328.07000732421875,4670.2900390625,7115.77001953125,nan
2022-01-11,META,334.3699951171875,4713.06982421875,7183.3798828125,28222.48046875
2022-01-12,META,333.260009765625,4726.35009765625,7237.18994140625,28765.66015625
2022-01-13,META,326.4800109863281,4659.02978515625,7201.14013671875,28489.130859375
2022-01-14,META,331.8999938964844,4662.85009765625,7143.0,28124.279296875
2022-01-17,META,nan,nan,7201.64013671875,28333.51953125
2022-01-18,META,318.1499938964844,4577.10986328125,7133.830078125,28257.25
2022-01-19,META,319.5899963378906,4532.759765625,7172.97998046875,27467.23046875
2022-01-20,META,316.55999755859375,4482.72998046875,7194.16015625,27772.9296875
2022-01-21,META,303.1700134277344,4397.93994140625,7068.58984375,27522.259765625
2022-01-24,META,308.7099914550781,4410.1298828125,6787.7900390625,27588.369140625
2022-01-25,META,300.1499938964844,4356.4501953125,6837.9599609375,27131.33984375
2022-01-26,META,294.6300048828125,4349.93017578125,6981.9599609375,27011.330078125
2022-01-27,META,294.6400146484375,4326.509765625,7023.7998046875,26170.30078125
2022-01-28,META,301.7099914550781,4431.85009765625,6965.8798828125,26717.33984375
2022-01-31,META,313.260009765625,4515.5498046875,6999.2001953125,27001.98046875
2022-02-01,META,319.0,4546.5400390625,7099.490234375,27078.48046875
2022-02-02,META,323.0,4589.3798828125,7115.27001953125,27533.599609375
2022-02-03,META,237.75999450683594,4477.43994140625,7005.6298828125,27241.310546875
2022-02-04,META,237.08999633789062,4500.52978515625,6951.3798828125,27439.990234375
2022-02-07,META,224.91000366210938,4483.8701171875,7009.25,27248.869140625
2022-02-08,META,220.17999267578125,4521.5400390625,7028.41015625,27284.51953125
2022-02-09,META,232.0,4587.18017578125,7130.8798828125,27579.869140625
2022-02-10,META,228.07000732421875,4504.080078125,7101.5498046875,27696.080078125
2022-02-11,META,219.5500030517578,4418.64013671875,7011.60009765625,nan
2022-02-14,META,217.6999969482422,4401.669921875,6852.2001953125,27079.58984375
2022-02-15,META,221.0,4471.06982421875,6979.97021484375,26865.189453125
2022-02-16,META,216.5399932861328,4475.009765625,6964.97998046875,27460.400390625
2022-02-17,META,207.7100067138672,4380.259765625,6946.81982421875,27232.869140625
2022-02-18,META,206.16000366210938,4348.8701171875,6929.6298828125,27122.0703125
2022-02-21,META,nan,nan,6788.33984375,26910.869140625
2022-02-22,META,202.0800018310547,4304.759765625,6787.60009765625,26449.609375
2022-02-23,META,198.4499969482422,4225.5,6780.669921875,nan
2022-02-24,META,207.60000610351562,4288.7001953125,6521.0498046875,25970.8203125
2022-02-25,META,210.47999572753906,4384.64990234375,6752.43017578125,26476.5
2022-02-28,META,211.02999877929688,4373.93994140625,6658.830078125,26526.8203125
2022-03-01,META,203.49000549316406,4306.259765625,6396.490234375,26844.720703125
2022-03-02,META,208.11000061035156,4386.5400390625,6498.02001953125,26393.029296875
2022-03-03,META,202.97000122070312,4363.490234375,6378.3701171875,26577.26953125
2022-03-04,META,200.05999755859375,4328.8701171875,6061.66015625,25985.470703125
2022-03-07,META,187.47000122070312,4201.08984375,5982.27001953125,25221.41015625
2022-03-08,META,190.2899932861328,4170.7001953125,5962.9599609375,24790.94921875
2022-03-09,META,198.5,4277.8798828125,6387.830078125,24717.529296875
2022-03-10,META,195.2100067138672,4259.52001953125,6207.2001953125,25690.400390625
2022-03-11,META,187.61000061035156,4204.31005859375,6260.25,25162.779296875
2022-03-14,META,186.6300048828125,4173.10986328125,6369.93994140625,25307.849609375
2022-03-15,META,192.02999877929688,4262.4501953125,6355.0,25346.48046875
2022-03-16,META,203.6300048828125,4357.85986328125,6588.64013671875,25762.009765625
2022-03-17,META,207.83999633789062,4411.669921875,6612.52001953125,26652.890625
2022-03-18,META,216.49000549316406,4463.1201171875,6620.240234375,26827.4296875
2022-03-21,META,211.49000549316406,4461.18017578125,6582.330078125,nan
2022-03-22,META,216.64999389648438,4511.60986328125,6659.41015625,27224.109375
2022-03-23,META,213.4600067138672,4456.240234375,6581.43017578125,28040.16015625
2022-03-24,META,219.57000732421875,4520.16015625,6555.77001953125,28110.390625
2022-03-25,META,221.82000732421875,4543.06005859375,6553.68017578125,28149.83984375
2022-03-28,META,223.58999633789062,4575.52001953125,6589.10986328125,27943.890625
2022-03-29,META,229.86000061035156,4631.60009765625,6792.16015625,28252.419921875
2022-03-30,META,227.85000610351562,4602.4501953125,6741.58984375,28027.25
2022-03-31,META,222.36000061035156,4530.41015625,6659.8701171875,27821.4296875
2022-04-01,META,224.85000610351562,4545.85986328125,6684.31005859375,27665.98046875
2022-04-04,META,233.88999938964844,4582.64013671875,6731.3701171875,27736.470703125
2022-04-05,META,231.83999633789062,4525.1201171875,6645.509765625,27787.98046875
2022-04-06,META,223.3000030517578,4481.14990234375,6498.830078125,27350.30078125
2022-04-07,META,222.9499969482422,4500.2099609375,6461.68017578125,26888.5703125
2022-04-08,META,222.3300018310547,4488.27978515625,6548.22021484375,26985.80078125
2022-04-11,META,216.4600067138672,4412.52978515625,6555.81005859375,26821.51953125
2022-04-12,META,214.13999938964844,4397.4501953125,6537.41015625,26334.98046875
2022-04-13,META,214.99000549316406,4446.58984375,6542.14013671875,26843.490234375
2022-04-14,META,210.17999267578125,4392.58984375,6589.35009765625,27172.0
2022-04-15,META,nan,nan,nan,27093.189453125
2022-04-18,META,210.77000427246094,4391.68994140625,nan,26799.7109375
2022-04-19,META,217.30999755859375,4462.2099609375,6534.7900390625,26985.08984375
2022-04-20,META,200.4199981689453,4459.4501953125,6624.91015625,27217.849609375
2022-04-21,META,188.07000732421875,4393.66015625,6715.10009765625,27553.060546875
2022-04-22,META,184.11000061035156,4271.77978515625,6581.419921875,27105.259765625
2022-04-25,META,186.99000549316406,4296.1201171875,6449.3798828125,26590.779296875
2022-04-26,META,180.9499969482422,4175.2001953125,6414.56982421875,26700.109375
2022-04-27,META,174.9499969482422,4183.9599609375,6445.259765625,26386.630859375
2022-04-28,META,205.72999572753906,4287.5,6508.14013671875,26847.900390625
2022-04-29,META,200.47000122070312,4131.93017578125,6533.77001953125,nan
2022-05-02,META,211.1300048828125,4155.3798828125,6425.60986328125,26818.529296875
2022-05-03,META,212.02999877929688,4175.47998046875,6476.18017578125,nan
2022-05-04,META,223.41000366210938,4300.169921875,6395.68017578125,nan
2022-05-05,META,208.27999877929688,4146.8701171875,6368.39990234375,nan
2022-05-06,META,203.77000427246094,4123.33984375,6258.35986328125,27003.560546875
2022-05-09,META,196.2100067138672,3991.239990234375,6086.02001953125,26319.33984375
2022-05-10,META,197.64999389648438,4001.050048828125,6116.91015625,26167.099609375
2022-05-11,META,188.74000549316406,3935.179931640625,6269.72998046875,26213.640625
2022-05-12,META,191.24000549316406,3930.080078125,6206.259765625,25748.720703125
2022-05-13,META,198.6199951171875,4023.889892578125,6362.68017578125,26427.650390625
2022-05-16,META,200.0399932861328,4008.010009765625,6347.77001953125,26547.05078125
2022-05-17,META,202.6199951171875,4088.85009765625,6430.18994140625,26659.75
2022-05-18,META,192.24000549316406,3923.679931640625,6352.93994140625,26911.19921875
2022-05-19,META,191.2899932861328,3900.7900390625,6272.7099609375,26402.83984375
2022-05-20,META,193.5399932861328,3901.360107421875,6285.240234375,26739.029296875
2022-05-23,META,196.22999572753906,3973.75,6358.740234375,27001.51953125
2022-05-24,META,181.27999877929688,3941.47998046875,6253.14013671875,26748.140625
2022-05-25,META,183.8300018310547,3978.72998046875,6298.64013671875,26677.80078125
2022-05-26,META,191.6300048828125,4057.840087890625,6410.580078125,26604.83984375
2022-05-27,META,195.1300048828125,4158.240234375,6515.75,26781.6796875
2022-05-30,META,nan,nan,6562.39013671875,27369.4296875
2022-05-31,META,193.63999938964844,4132.14990234375,6468.7998046875,27279.80078125
2022-06-01,META,188.63999938964844,4101.22998046875,6418.89013671875,27457.890625
2022-06-02,META,198.86000061035156,4176.81982421875,6500.43994140625,27413.880859375
2022-06-03,META,190.77999877929688,4108.5400390625,6485.2998046875,27761.5703125
2022-06-06,META,194.25,4121.43017578125,6548.77978515625,27915.890625
2022-06-07,META,195.64999389648438,4160.68017578125,6500.35009765625,27943.94921875
2022-06-08,META,196.63999938964844,4115.77001953125,6448.6298828125,28234.2890625
2022-06-09,META,184.0,4017.820068359375,6358.4599609375,28246.529296875
2022-06-10,META,175.57000732421875,3900.860107421875,6187.22998046875,27824.2890625
2022-06-13,META,164.25999450683594,3749.6298828125,6022.31982421875,26987.439453125
2022-06-14,META,163.72999572753906,3735.47998046875,5949.83984375,26629.859375
2022-06-15,META,169.35000610351562,3789.989990234375,6030.1298828125,26326.16015625
2022-06-16,META,160.8699951171875,3666.77001953125,5886.240234375,26431.19921875
2022-06-17,META,163.74000549316406,3674.840087890625,5882.64990234375,25963.0
2022-06-20,META,nan,nan,5920.08984375,25771.220703125
2022-06-21,META,157.0500030517578,3764.7900390625,5964.66015625,26246.310546875
2022-06-22,META,155.85000610351562,3759.889892578125,5916.6298828125,26149.55078125
2022-06-23,META,158.75,3795.72998046875,5883.330078125,26171.25
2022-06-24,META,170.16000366210938,3911.739990234375,6073.35009765625,26491.970703125
2022-06-27,META,169.49000549316406,3900.110107421875,6047.31005859375,26871.26953125
2022-06-28,META,160.67999267578125,3821.550048828125,6086.02001953125,27049.470703125
2022-06-29,META,163.94000244140625,3818.830078125,6031.47998046875,26804.599609375
2022-06-30,META,161.25,3785.3798828125,5922.85986328125,26393.0390625
2022-07-01,META,160.02999877929688,3825.330078125,5931.06005859375,25935.619140625
2022-07-04,META,nan,nan,5954.64990234375,26153.810546875
2022-07-05,META,168.19000244140625,3831.389892578125,5794.9599609375,26423.470703125
2022-07-06,META,169.77000427246094,3845.080078125,5912.3798828125,26107.650390625
2022-07-07,META,172.19000244140625,3902.6201171875,6006.7001953125,26490.529296875
2022-07-08,META,170.8800048828125,3899.3798828125,6033.1298828125,26517.189453125
2022-07-11,META,162.8800048828125,3854.429931640625,5996.2998046875,26812.30078125
2022-07-12,META,163.27000427246094,3818.800048828125,6044.2001953125,26336.66015625
2022-07-13,META,163.49000549316406,3801.780029296875,6000.240234375,26478.76953125
2022-07-14,META,158.0500030517578,3790.3798828125,5915.41015625,26643.390625
2022-07-15,META,164.6999969482422,3863.159912109375,6036.0,26788.470703125
2022-07-18,META,167.22999572753906,3830.85009765625,6091.91015625,nan
2022-07-19,META,175.77999877929688,3936.68994140625,6201.22021484375,26961.6796875
2022-07-20,META,183.08999633789062,3959.89990234375,6184.66015625,27680.259765625
2022-07-21,META,183.1699981689453,3998.949951171875,6201.10986328125,27803.0
2022-07-22,META,169.27000427246094,3961.6298828125,6216.81982421875,27914.66015625
2022-07-25,META,166.64999389648438,3966.840087890625,6237.5498046875,27699.25
2022-07-26,META,159.14999389648438,3921.050048828125,6211.4501953125,27655.2109375
2022-07-27,META,169.5800018310547,4023.610107421875,6257.93994140625,27715.75
2022-07-28,META,160.72000122070312,4072.429931640625,6339.2099609375,27815.48046875
2022-07-29,META,159.10000610351562,4130.2900390625,6448.5,27801.640625
2022-08-01,META,159.92999267578125,4118.6298828125,6436.85986328125,27993.349609375
2022-08-02,META,160.19000244140625,4091.18994140625,6409.7998046875,27594.73046875
2022-08-03,META,168.8000030517578,4155.169921875,6472.06005859375,27741.900390625
2022-08-04,META,170.57000732421875,4151.93994140625,6513.39013671875,27932.19921875
2022-08-05,META,167.11000061035156,4145.18994140625,6472.35009765625,28175.869140625
2022-08-08,META,170.25,4140.06005859375,6524.43994140625,28249.240234375
2022-08-09,META,168.52999877929688,4122.47021484375,6490.0,27999.9609375
2022-08-10,META,178.33999633789062,4210.240234375,6523.43994140625,27819.330078125
2022-08-11,META,177.49000549316406,4207.27001953125,6544.669921875,nan
2022-08-12,META,180.5,4280.14990234375,6553.85986328125,28546.98046875
2022-08-15,META,180.88999938964844,4297.14013671875,6569.9501953125,28871.779296875
2022-08-16,META,179.47000122070312,4305.2001953125,6592.580078125,28868.91015625
2022-08-17,META,174.85000610351562,4274.0400390625,6528.31982421875,29222.76953125
2022-08-18,META,174.66000366210938,4283.740234375,6557.39990234375,28942.140625
2022-08-19,META,167.9600067138672,4228.47998046875,6495.830078125,28930.330078125
2022-08-22,META,163.0500030517578,4137.990234375,6378.740234375,28794.5
2022-08-23,META,161.11000061035156,4128.72998046875,6362.02001953125,28452.75
2022-08-24,META,163.25999450683594,4140.77001953125,6386.759765625,28313.470703125
2022-08-25,META,168.77999877929688,4199.1201171875,6381.56005859375,28479.009765625
2022-08-26,META,161.77999877929688,4057.659912109375,6274.259765625,28641.380859375
2022-08-29,META,159.1699981689453,4030.610107421875,6222.27978515625,27878.9609375
2022-08-30,META,157.16000366210938,3986.159912109375,6210.22021484375,28195.580078125
2022-08-31,META,162.92999267578125,3955.0,6125.10009765625,28091.529296875
2022-09-01,META,165.36000061035156,3966.85009765625,6034.31005859375,27661.470703125
2022-09-02,META,160.32000732421875,3924.260009765625,6167.509765625,27650.83984375
2022-09-05,META,nan,nan,6093.22021484375,27619.609375
2022-09-06,META,158.5399932861328,3908.18994140625,6104.60986328125,27626.509765625
2022-09-07,META,160.38999938964844,3979.8701171875,6105.919921875,27430.30078125
2022-09-08,META,162.05999755859375,4006.179931640625,6125.89990234375,28065.279296875
2022-09-09,META,169.14999389648438,4067.360107421875,6212.330078125,28214.75
2022-09-12,META,168.9600067138672,4110.41015625,6333.58984375,28542.109375
2022-09-13,META,153.1300048828125,3932.68994140625,6245.68994140625,28614.630859375
2022-09-14,META,151.47000122070312,3946.010009765625,6222.41015625,27818.619140625
2022-09-15,META,149.5500030517578,3901.35009765625,6157.83984375,27875.91015625
2022-09-16,META,146.2899932861328,3873.330078125,6077.2998046875,27567.650390625
2022-09-19,META,148.02000427246094,3899.889892578125,6061.58984375,nan
2022-09-20,META,146.08999633789062,3855.929931640625,5979.47021484375,27688.419921875
2022-09-21,META,142.1199951171875,3789.929931640625,6031.330078125,27313.130859375
2022-09-22,META,142.82000732421875,3757.989990234375,5918.5,27153.830078125
2022-09-23,META,140.41000366210938,3693.22998046875,5783.41015625,nan
2022-09-26,META,136.3699951171875,3655.0400390625,5769.39013671875,26431.55078125
2022-09-27,META,134.39999389648438,3647.2900390625,5753.81982421875,26571.869140625
2022-09-28,META,141.61000061035156,3719.0400390625,5765.009765625,26173.98046875
2022-09-29,META,136.41000366210938,3640.469970703125,5676.8701171875,26422.05078125
2022-09-30,META,135.67999267578125,3585.6201171875,5762.33984375,25937.2109375
2022-10-03,META,138.61000061035156,3678.429931640625,5794.14990234375,26215.7890625
2022-10-04,META,140.27999877929688,3790.929931640625,6039.68994140625,26992.2109375
2022-10-05,META,138.97999572753906,3783.280029296875,5985.4599609375,27120.529296875
2022-10-06,META,139.07000732421875,3744.52001953125,5936.419921875,27311.30078125
2022-10-07,META,133.4499969482422,3639.659912109375,5866.93994140625,27116.109375
2022-10-10,META,133.7899932861328,3612.389892578125,5840.5498046875,nan
2022-10-11,META,128.5399932861328,3588.840087890625,5833.2001953125,26401.25
2022-10-12,META,127.5,3577.030029296875,5818.47021484375,26396.830078125
2022-10-13,META,130.2899932861328,3669.909912109375,5879.18994140625,26237.419921875
2022-10-14,META,126.76000213623047,3583.070068359375,5931.919921875,27090.759765625
2022-10-17,META,134.0399932861328,3677.949951171875,6040.66015625,26775.7890625
2022-10-18,META,132.8000030517578,3719.97998046875,6067.0,27156.140625
2022-10-19,META,133.22999572753906,3695.159912109375,6040.72021484375,27257.380859375
2022-10-20,META,131.52999877929688,3665.780029296875,6086.89990234375,27006.9609375
2022-10-21,META,130.00999450683594,3752.75,6035.39013671875,26890.580078125
2022-10-24,META,129.72000122070312,3797.340087890625,6131.35986328125,26974.900390625
2022-10-25,META,137.50999450683594,3859.110107421875,6250.5498046875,27250.279296875
2022-10-26,META,129.82000732421875,3830.60009765625,6276.31005859375,27431.83984375
2022-10-27,META,97.94000244140625,3807.300048828125,6244.02978515625,27345.240234375
2022-10-28,META,99.19999694824219,3901.06005859375,6273.0498046875,27105.19921875
2022-10-31,META,93.16000366210938,3871.97998046875,6266.77001953125,27587.4609375
2022-11-01,META,95.19999694824219,3856.10009765625,6328.25,27678.919921875
2022-11-02,META,90.54000091552734,3759.68994140625,6276.8798828125,27663.390625
2022-11-03,META,88.91000366210938,3719.889892578125,6243.27978515625,nan
2022-11-04,META,90.79000091552734,3770.550048828125,6416.43994140625,27199.740234375
2022-11-07,META,96.72000122070312,3806.800048828125,6416.60986328125,27527.640625
2022-11-08,META,96.47000122070312,3828.110107421875,6441.5,27872.109375
2022-11-09,META,101.47000122070312,3748.570068359375,6430.56982421875,27716.4296875
2022-11-10,META,111.87000274658203,3956.3701171875,6556.830078125,27446.099609375
2022-11-11,META,113.0199966430664,3992.929931640625,6594.6201171875,28263.5703125
2022-11-14,META,114.22000122070312,3957.25,6609.169921875,27963.470703125
2022-11-15,META,117.08000183105469,3991.72998046875,6641.66015625,27990.169921875
2022-11-16,META,113.2300033569336,3958.7900390625,6607.22021484375,28028.30078125
2022-11-17,META,111.44999694824219,3946.56005859375,6576.1201171875,27930.5703125
2022-11-18,META,112.05000305175781,3965.340087890625,6644.4599609375,27899.76953125
2022-11-21,META,109.86000061035156,3949.93994140625,6634.4501953125,27944.7890625
2022-11-22,META,111.44000244140625,4003.580078125,6657.52978515625,28115.740234375
2022-11-23,META,112.23999786376953,4027.260009765625,6679.08984375,nan
2022-11-24,META,nan,nan,6707.31982421875,28383.08984375
2022-11-25,META,111.41000366210938,4026.1201171875,6712.47998046875,28283.029296875
2022-11-28,META,108.77999877929688,3963.93994140625,6665.2001953125,28162.830078125
2022-11-29,META,109.45999908447266,3957.6298828125,6668.97021484375,28027.83984375
2022-11-30,META,118.0999984741211,4080.110107421875,6738.5498046875,27968.990234375
2022-12-01,META,120.44000244140625,4076.570068359375,6753.97021484375,28226.080078125
2022-12-02,META,123.48999786376953,4071.699951171875,6742.25,27777.900390625
2022-12-05,META,122.43000030517578,3998.840087890625,6696.9599609375,27820.400390625
2022-12-06,META,114.12000274658203,3941.260009765625,6687.7900390625,27885.869140625
2022-12-07,META,113.93000030517578,3933.919921875,6660.58984375,27686.400390625
2022-12-08,META,115.33000183105469,3963.510009765625,6647.31005859375,27574.4296875
2022-12-09,META,115.9000015258789,3934.3798828125,6677.64013671875,27901.009765625
2022-12-12,META,114.70999908447266,3990.56005859375,6650.5498046875,27842.330078125
2022-12-13,META,120.1500015258789,4019.64990234375,6744.97998046875,27954.849609375
2022-12-14,META,121.58999633789062,3995.320068359375,6730.7900390625,28156.2109375
2022-12-15,META,116.1500015258789,3895.75,6522.77001953125,28051.69921875
2022-12-16,META,119.43000030517578,3852.360107421875,6452.6298828125,27527.119140625
2022-12-19,META,114.4800033569336,3817.659912109375,6473.2900390625,27237.640625
2022-12-20,META,117.08999633789062,3821.6201171875,6450.43017578125,26568.029296875
2022-12-21,META,119.76000213623047,3878.43994140625,6580.240234375,26387.720703125
2022-12-22,META,117.12000274658203,3822.389892578125,6517.97021484375,26507.869140625
2022-12-23,META,118.04000091552734,3844.820068359375,6504.89990234375,26235.25
2022-12-26,META,nan,nan,nan,26405.869140625
2022-12-27,META,116.87999725341797,3829.25,6550.66015625,26447.869140625
2022-12-28,META,115.62000274658203,3783.219970703125,6510.490234375,26340.5
2022-12-29,META,120.26000213623047,3849.280029296875,6573.47021484375,26093.669921875
2022-12-30,META,120.33999633789062,3839.5,6473.759765625,26094.5
2023-01-02,META,nan,nan,6594.56982421875,nan
2023-01-03,META,124.73999786376953,3824.139892578125,6623.89013671875,nan
2023-01-04,META,127.37000274658203,3852.969970703125,6776.43017578125,25716.859375
2023-01-05,META,126.94000244140625,3808.10009765625,6761.5,25820.80078125
2023-01-06,META,130.02000427246094,3895.080078125,6860.9501953125,25973.849609375
2023-01-09,META,129.47000122070312,3892.090087890625,6907.35986328125,nan
2023-01-10,META,132.99000549316406,3919.25,6869.14013671875,26175.560546875
2023-01-11,META,132.88999938964844,3969.610107421875,6924.18994140625,26446.0
2023-01-12,META,136.7100067138672,3983.169921875,6975.68017578125,26449.8203125
2023-01-13,META,136.97999572753906,3999.090087890625,7023.5,26119.51953125
2023-01-16,META,nan,nan,7043.31005859375,25822.3203125
2023-01-17,META,135.36000061035156,3990.969970703125,7077.16015625,26138.6796875
2023-01-18,META,133.02000427246094,3928.860107421875,7083.39013671875,26791.119140625
2023-01-19,META,136.14999389648438,3898.85009765625,6951.8701171875,26405.23046875
2023-01-20,META,139.3699951171875,3972.610107421875,6995.990234375,26553.529296875
2023-01-23,META,143.27000427246094,4019.81005859375,7032.02001953125,26906.0390625
2023-01-24,META,143.13999938964844,4016.949951171875,7050.47998046875,27299.189453125
2023-01-25,META,141.5,4016.219970703125,7043.8798828125,27395.009765625
2023-01-26,META,147.3000030517578,4060.429931640625,7095.990234375,27362.75
2023-01-27,META,151.74000549316406,4070.56005859375,7097.2099609375,27382.560546875
2023-01-30,META,147.05999755859375,4017.77001953125,7082.009765625,27433.400390625
2023-01-31,META,148.97000122070312,4076.60009765625,7082.419921875,27327.109375
2023-02-01,META,153.1199951171875,4119.2099609375,7077.10986328125,27346.880859375
2023-02-02,META,188.77000427246094,4179.759765625,7166.27001953125,27402.05078125
2023-02-03,META,186.52999877929688,4136.47998046875,7233.93994140625,27509.4609375
2023-02-06,META,186.05999755859375,4111.080078125,7137.10009765625,27693.650390625
2023-02-07,META,191.6199951171875,4164.0,7132.35009765625,27685.470703125
2023-02-08,META,183.42999267578125,4117.85986328125,7119.830078125,27606.4609375
2023-02-09,META,177.9199981689453,4081.5,7188.35986328125,27584.349609375
2023-02-10,META,174.14999389648438,4090.4599609375,7129.72998046875,27670.98046875
2023-02-13,META,179.42999267578125,4137.2900390625,7208.58984375,27427.3203125
2023-02-14,META,179.47999572753906,4136.1298828125,7213.81005859375,27602.76953125
2023-02-15,META,177.16000366210938,4147.60009765625,7300.85986328125,27501.859375
2023-02-16,META,172.44000244140625,4090.409912109375,7366.16015625,27696.439453125
2023-02-17,META,172.8800048828125,4079.090087890625,7347.72021484375,27513.130859375
2023-02-20,META,nan,nan,7335.60986328125,27531.939453125
2023-02-21,META,172.0800018310547,3997.340087890625,7308.64990234375,27473.099609375
2023-02-22,META,171.1199951171875,3991.050048828125,7299.259765625,27104.3203125
2023-02-23,META,172.0399932861328,4012.320068359375,7317.43017578125,nan
2023-02-24,META,170.38999938964844,3970.0400390625,7187.27001953125,27453.48046875
2023-02-27,META,169.5399932861328,3982.239990234375,7295.5498046875,27423.9609375
2023-02-28,META,174.94000244140625,3970.14990234375,7267.93017578125,27445.560546875
2023-03-01,META,173.4199981689453,3951.389892578125,7234.25,27516.529296875
2023-03-02,META,174.52999877929688,3981.35009765625,7284.22021484375,27498.869140625
2023-03-03,META,185.25,4045.639892578125,7348.1201171875,27927.470703125
2023-03-06,META,184.89999389648438,4048.419921875,7373.2099609375,28237.779296875
2023-03-07,META,184.50999450683594,3986.3701171875,7339.27001953125,28309.16015625
2023-03-08,META,184.97000122070312,3992.010009765625,7324.759765625,28444.189453125
2023-03-09,META,181.69000244140625,3918.320068359375,7315.8798828125,28623.150390625
2023-03-10,META,179.50999450683594,3861.590087890625,7220.669921875,28143.970703125
2023-03-13,META,180.89999389648438,3855.760009765625,7011.5,27832.9609375
2023-03-14,META,194.02000427246094,3919.2900390625,7141.56982421875,27222.0390625
2023-03-15,META,197.75,3891.929931640625,6885.7099609375,27229.48046875
2023-03-16,META,204.92999267578125,3960.280029296875,7025.72021484375,27010.609375
2023-03-17,META,195.61000061035156,3916.639892578125,6925.39990234375,27333.7890625
2023-03-20,META,197.80999755859375,3951.570068359375,7013.14013671875,26945.669921875
2023-03-21,META,202.16000366210938,4002.8701171875,7112.91015625,nan
2023-03-22,META,199.80999755859375,3936.969970703125,7131.1201171875,27466.609375
2023-03-23,META,204.27999877929688,3948.719970703125,7139.25,27419.609375
2023-03-24,META,206.00999450683594,3970.989990234375,7015.10009765625,27385.25
2023-03-27,META,202.83999633789062,3977.530029296875,7078.27001953125,27476.869140625
2023-03-28,META,200.67999267578125,3971.27001953125,7088.33984375,27518.25
2023-03-29,META,205.35000610351562,4027.81005859375,7186.990234375,27883.779296875
2023-03-30,META,207.83999633789062,4050.830078125,7263.3701171875,27782.9296875
2023-03-31,META,211.94000244140625,4109.31005859375,7322.39013671875,28041.48046875
2023-04-03,META,213.07000732421875,4124.509765625,7345.9599609375,28188.150390625
2023-04-04,META,214.72000122070312,4100.60009765625,7344.9599609375,28287.419921875
2023-04-05,META,211.47999572753906,4090.3798828125,7316.2998046875,27813.259765625
2023-04-06,META,216.10000610351562,4105.02001953125,7324.75,27472.630859375
2023-04-07,META,nan,nan,nan,27518.310546875
2023-04-10,META,214.75,4109.10986328125,nan,27633.66015625
2023-04-11,META,213.85000610351562,4108.93994140625,7390.27978515625,27923.369140625
2023-04-12,META,214.0,4091.949951171875,7396.93994140625,28082.69921875
2023-04-13,META,220.35000610351562,4146.22021484375,7480.830078125,28156.970703125
2023-04-14,META,221.49000549316406,4137.64013671875,7519.60986328125,28493.470703125
2023-04-17,META,218.86000061035156,4151.31982421875,7498.18017578125,28514.779296875
2023-04-18,META,217.88999938964844,4154.8701171875,7533.6298828125,28658.830078125
2023-04-19,META,215.6999969482422,4154.52001953125,7549.43994140625,28606.759765625
2023-04-20,META,213.07000732421875,4129.7900390625,7538.7099609375,28657.5703125
2023-04-21,META,212.88999938964844,4133.52001953125,7577.0,28564.369140625
2023-04-24,META,212.7899932861328,4137.0400390625,7573.85986328125,28593.51953125
2023-04-25,META,207.5500030517578,4071.6298828125,7531.60986328125,28620.0703125
2023-04-26,META,209.39999389648438,4055.989990234375,7466.66015625,28416.470703125
2023-04-27,META,238.55999755859375,4135.35009765625,7483.83984375,28457.6796875
2023-04-28,META,240.32000732421875,4169.47998046875,7491.5,28856.439453125
2023-05-01,META,243.17999267578125,4167.8701171875,nan,29123.1796875
2023-05-02,META,239.24000549316406,4119.580078125,7383.2001953125,29157.94921875
2023-05-03,META,237.02999877929688,4090.75,7403.830078125,nan
2023-05-04,META,233.52000427246094,4061.219970703125,7340.77001953125,nan
2023-05-05,META,232.77999877929688,4136.25,7432.93017578125,nan
2023-05-08,META,233.27000427246094,4138.1201171875,7440.91015625,28949.880859375
2023-05-09,META,233.3699951171875,4119.169921875,7397.169921875,29242.8203125
2023-05-10,META,233.0800018310547,4137.64013671875,7361.2001953125,29122.1796875
2023-05-11,META,235.7899932861328,4130.6201171875,7381.77978515625,29126.720703125
2023-05-12,META,233.80999755859375,4124.080078125,7414.85009765625,29388.30078125
2023-05-15,META,238.86000061035156,4136.27978515625,7418.2099609375,29626.33984375
2023-05-16,META,238.82000732421875,4109.89990234375,7406.009765625,29842.990234375
2023-05-17,META,242.49000549316406,4158.77001953125,7399.43994140625,30093.58984375
2023-05-18,META,246.85000610351562,4198.0498046875,7446.89013671875,30573.9296875
2023-05-19,META,245.63999938964844,4191.97998046875,7491.9599609375,30808.349609375
2023-05-22,META,248.32000732421875,4192.6298828125,7478.16015625,31086.8203125
2023-05-23,META,246.74000549316406,4145.580078125,7378.7099609375,30957.76953125
2023-05-24,META,249.2100067138672,4115.240234375,7253.4599609375,30682.6796875
2023-05-25,META,252.69000244140625,4151.27978515625,7229.27001953125,30801.130859375
2023-05-26,META,262.0400085449219,4205.4501953125,7319.18017578125,30916.310546875
2023-05-29,META,nan,nan,7303.81005859375,31233.5390625
2023-05-30,META,262.5199890136719,4205.52001953125,7209.75,31328.16015625
2023-05-31,META,264.7200012207031,4179.830078125,7098.7001953125,30887.880859375
2023-06-01,META,272.6099853515625,4221.02001953125,7137.43017578125,31148.009765625
2023-06-02,META,272.6099853515625,4282.3701171875,7270.68994140625,31524.220703125
2023-06-05,META,271.3900146484375,4273.7900390625,7200.91015625,32217.4296875
2023-06-06,META,271.1199951171875,4283.85009765625,7209.0,32506.779296875
2023-06-07,META,263.6000061035156,4267.52001953125,7202.7900390625,31913.740234375
2023-06-08,META,264.5799865722656,4293.93017578125,7222.14990234375,31641.26953125
2023-06-09,META,264.95001220703125,4298.85986328125,7213.14013671875,32265.169921875
2023-06-12,META,271.04998779296875,4338.93017578125,7250.35009765625,32434.0
2023-06-13,META,271.32000732421875,4369.009765625,7290.7998046875,33018.6484375
2023-06-14,META,273.3500061035156,4372.58984375,7328.52978515625,33502.421875
2023-06-15,META,281.8299865722656,4425.83984375,7290.91015625,33485.48828125
2023-06-16,META,281.0,4409.58984375,7388.64990234375,33706.078125
2023-06-19,META,nan,nan,7314.0498046875,33370.421875
2023-06-20,META,284.3299865722656,4388.7099609375,7294.169921875,33388.91015625
2023-06-21,META,281.6400146484375,4365.68994140625,7260.97021484375,33575.140625
2023-06-22,META,284.8800048828125,4381.89013671875,7203.27978515625,33264.87890625
2023-06-23,META,288.7300109863281,4348.330078125,7163.419921875,32781.5390625
2023-06-26,META,278.4700012207031,4328.81982421875,7184.35009765625,32698.810546875
2023-06-27,META,287.04998779296875,4378.41015625,7215.580078125,32538.330078125
2023-06-28,META,285.2900085449219,4376.85986328125,7286.31982421875,33193.98828125
2023-06-29,META,281.5299987792969,4396.43994140625,7312.72998046875,33234.140625
2023-06-30,META,286.9800109863281,4450.3798828125,7400.06005859375,33189.0390625
2023-07-03,META,286.0199890136719,4455.58984375,7386.7001953125,33753.328125
2023-07-04,META,nan,nan,7369.93017578125,33422.51953125
2023-07-05,META,294.3699951171875,4446.81982421875,7310.81005859375,33338.69921875
2023-07-06,META,291.989990234375,4411.58984375,7082.2900390625,32773.01953125
2023-07-07,META,290.5299987792969,4398.9501953125,7111.8798828125,32388.419921875
2023-07-10,META,294.1000061035156,4409.52978515625,7143.68994140625,32189.73046875
2023-07-11,META,298.2900085449219,4439.259765625,7220.009765625,32203.5703125
2023-07-12,META,309.3399963378906,4472.16015625,7333.009765625,31943.9296875
2023-07-13,META,313.4100036621094,4510.0400390625,7369.7998046875,32419.330078125
2023-07-14,META,308.8699951171875,4505.419921875,7374.5400390625,32391.259765625
2023-07-17,META,310.6199951171875,4522.7900390625,7291.66015625,nan
2023-07-18,META,312.04998779296875,4554.97998046875,7319.18017578125,32493.890625
2023-07-19,META,316.010009765625,4565.72021484375,7326.93994140625,32896.03125
2023-07-20,META,302.5199890136719,4534.8701171875,7384.91015625,32490.51953125
2023-07-21,META,294.260009765625,4536.33984375,7432.77001953125,32304.25
2023-07-24,META,291.6099853515625,4554.64013671875,7427.31005859375,32700.939453125
2023-07-25,META,294.4700012207031,4567.4599609375,7415.4501953125,32682.509765625
2023-07-26,META,298.57000732421875,4566.75,7315.06982421875,32668.33984375
2023-07-27,META,311.7099914550781,4537.41015625,7465.240234375,32891.16015625
2023-07-28,META,325.4800109863281,4582.22998046875,7476.47021484375,32759.23046875
2023-07-31,META,318.6000061035156,4588.9599609375,7497.77978515625,33172.21875
2023-08-01,META,322.7099914550781,4576.72998046875,7406.080078125,33476.578125
2023-08-02,META,314.30999755859375,4513.39013671875,7312.83984375,32707.689453125
2023-08-03,META,313.19000244140625,4501.89013671875,7260.52978515625,32159.279296875
2023-08-04,META,310.7300109863281,4478.02978515625,7315.06982421875,32192.75
2023-08-07,META,316.55999755859375,4518.43994140625,7319.759765625,32254.560546875
2023-08-08,META,312.6400146484375,4499.3798828125,7269.47021484375,32377.2890625
2023-08-09,META,305.2099914550781,4467.7099609375,7322.0400390625,32204.330078125
2023-08-10,META,305.739990234375,4468.830078125,7433.6201171875,32473.650390625
2023-08-11,META,301.6400146484375,4464.0498046875,7340.18994140625,nan
2023-08-14,META,306.19000244140625,4489.72021484375,7348.83984375,32059.91015625
2023-08-15,META,301.95001220703125,4437.85986328125,7267.7001953125,32238.890625
2023-08-16,META,294.2900085449219,4404.330078125,7260.25,31766.8203125
2023-08-17,META,285.0899963378906,4370.35986328125,7191.740234375,31626.0
2023-08-18,META,283.25,4369.7099609375,7164.10986328125,31450.759765625
2023-08-21,META,289.8999938964844,4399.77001953125,7198.06005859375,31565.640625
2023-08-22,META,287.6000061035156,4387.5498046875,7240.8798828125,31856.7109375
2023-08-23,META,294.239990234375,4436.009765625,7246.6201171875,32010.259765625
2023-08-24,META,286.75,4376.31005859375,7214.4599609375,32287.2109375
2023-08-25,META,285.5,4405.7099609375,7229.60009765625,31624.279296875
2023-08-28,META,290.260009765625,4433.31005859375,7324.7099609375,32169.990234375
2023-08-29,META,297.989990234375,4497.6298828125,7373.43017578125,32226.970703125
2023-08-30,META,295.1000061035156,4514.8701171875,7364.39990234375,32333.4609375
2023-08-31,META,295.8900146484375,4507.66015625,7316.7001953125,32619.33984375
2023-09-01,META,296.3800048828125,4515.77001953125,7296.77001953125,32710.619140625
2023-09-04,META,nan,nan,7279.509765625,32939.1796875
2023-09-05,META,300.1499938964844,4496.830078125,7254.72021484375,33036.76171875
2023-09-06,META,299.1700134277344,4465.47998046875,7194.08984375,33241.01953125
2023-09-07,META,298.6700134277344,4451.14013671875,7196.10009765625,32991.078125
2023-09-08,META,297.8900146484375,4457.490234375,7240.77001953125,32606.83984375
2023-09-11,META,307.55999755859375,4487.4599609375,7278.27001953125,32467.759765625
2023-09-12,META,301.6600036621094,4461.89990234375,7252.8798828125,32776.37109375
2023-09-13,META,305.05999755859375,4467.43994140625,7222.56982421875,32706.51953125
2023-09-14,META,311.7200012207031,4505.10009765625,7308.669921875,33168.1015625
2023-09-15,META,300.30999755859375,4450.31982421875,7378.81982421875,33533.08984375
2023-09-18,META,302.54998779296875,4453.52978515625,7276.14013671875,nan
2023-09-19,META,305.07000732421875,4443.9501953125,7282.1201171875,33242.58984375
2023-09-20,META,299.6700134277344,4402.2001953125,7330.7900390625,33023.78125
2023-09-21,META,295.7300109863281,4330.0,7213.89990234375,32571.029296875
2023-09-22,META,299.0799865722656,4320.06005859375,7184.81982421875,32402.41015625
2023-09-25,META,300.8299865722656,4337.43994140625,7123.8798828125,32678.619140625
2023-09-26,META,298.9599914550781,4273.52978515625,7074.02001953125,32315.05078125
2023-09-27,META,297.739990234375,4274.509765625,7071.7900390625,32371.900390625
2023-09-28,META,303.9599914550781,4299.7001953125,7116.240234375,31872.51953125
2023-09-29,META,300.2099914550781,4288.0498046875,7135.06005859375,31857.619140625
2023-10-02,META,306.82000732421875,4288.39013671875,7068.16015625,31759.880859375
2023-10-03,META,300.94000244140625,4229.4501953125,6997.0498046875,31237.939453125
2023-10-04,META,305.5799865722656,4263.75,6996.72998046875,30526.880859375
2023-10-05,META,304.7900085449219,4258.18994140625,6998.25,31075.359375
2023-10-06,META,315.42999267578125,4308.5,7060.14990234375,30994.669921875
2023-10-09,META,318.3599853515625,4335.66015625,7021.39990234375,nan
2023-10-10,META,321.8399963378906,4358.240234375,7162.43017578125,31746.529296875
2023-10-11,META,327.82000732421875,4376.9501953125,7131.2099609375,31936.509765625
2023-10-12,META,324.1600036621094,4349.60986328125,7104.52978515625,32494.66015625
2023-10-13,META,314.69000244140625,4327.77978515625,7003.52978515625,32315.990234375
2023-10-16,META,321.1499938964844,4373.6298828125,7022.18994140625,31659.029296875
2023-10-17,META,324.0,4373.2001953125,7029.7001953125,32040.2890625
2023-10-18,META,316.9700012207031,4314.60009765625,6965.990234375,32042.25
2023-10-19,META,312.80999755859375,4278.0,6921.3701171875,31430.619140625
2023-10-20,META,308.6499938964844,4224.16015625,6816.22021484375,31259.359375
2023-10-23,META,314.010009765625,4217.0400390625,6850.47021484375,30999.55078125
2023-10-24,META,312.54998779296875,4247.68017578125,6893.64990234375,31062.349609375
2023-10-25,META,299.5299987792969,4186.77001953125,6915.06982421875,31269.919921875
2023-10-26,META,288.3500061035156,4137.22998046875,6888.9599609375,30601.779296875
2023-10-27,META,296.7300109863281,4117.3701171875,6795.3798828125,30991.689453125
2023-10-30,META,302.6600036621094,4166.81982421875,6825.06982421875,30696.9609375
2023-10-31,META,301.2699890136719,4193.7998046875,6885.64990234375,30858.849609375
2023-11-01,META,311.8500061035156,4237.85986328125,6932.6298828125,31601.650390625
2023-11-02,META,310.8699951171875,4317.77978515625,7060.68994140625,31949.890625
2023-11-03,META,314.6000061035156,4358.33984375,7047.5,nan
2023-11-06,META,315.79998779296875,4365.97998046875,7013.72998046875,32708.48046875
2023-11-07,META,318.82000732421875,4378.3798828125,6986.22998046875,32271.8203125
2023-11-08,META,319.7799987792969,4382.77978515625,7034.16015625,32166.48046875
2023-11-09,META,320.54998779296875,4347.35009765625,7113.66015625,32646.4609375
2023-11-10,META,328.7699890136719,4415.240234375,7045.0400390625,32568.109375
2023-11-13,META,329.19000244140625,4411.5498046875,7087.06005859375,32585.109375
2023-11-14,META,336.30999755859375,4495.7001953125,7185.68017578125,32695.9296875
2023-11-15,META,332.7099914550781,4502.8798828125,7209.60986328125,33519.69921875
2023-11-16,META,334.19000244140625,4508.240234375,7168.39990234375,33424.41015625
2023-11-17,META,335.0400085449219,4514.02001953125,7233.91015625,33585.19921875
2023-11-20,META,339.9700012207031,4547.3798828125,7246.93017578125,33388.03125
2023-11-21,META,336.9800109863281,4538.18994140625,7229.4501953125,33354.140625
2023-11-22,META,341.489990234375,4556.6201171875,7260.72998046875,33451.828125
2023-11-23,META,nan,nan,7277.93017578125,nan
2023-11-24,META,338.2300109863281,4559.33984375,7292.7998046875,33625.53125
2023-11-27,META,334.70001220703125,4550.43017578125,7265.490234375,33447.671875
2023-11-28,META,338.989990234375,4554.89013671875,7250.1298828125,33408.390625
2023-11-29,META,332.20001220703125,4550.580078125,7267.64013671875,33321.21875
2023-11-30,META,327.1499938964844,4567.7998046875,7310.77001953125,33486.890625
2023-12-01,META,324.82000732421875,4594.6298828125,7346.14990234375,33431.51171875
2023-12-04,META,320.0199890136719,4569.77978515625,7332.58984375,33231.26953125
2023-12-05,META,318.2900085449219,4567.18017578125,7386.990234375,32775.8203125
2023-12-06,META,317.45001220703125,4549.33984375,7435.990234375,33445.8984375
2023-12-07,META,326.5899963378906,4585.58984375,7428.52001953125,32858.30859375
2023-12-08,META,332.75,4604.3701171875,7526.5498046875,32307.859375
2023-12-11,META,325.2799987792969,4622.43994140625,7551.52978515625,32791.80078125
2023-12-12,META,334.2200012207031,4643.7001953125,7543.5498046875,32843.69921875
2023-12-13,META,334.739990234375,4707.08984375,7531.22021484375,32926.3515625
2023-12-14,META,333.1700134277344,4719.5498046875,7575.85009765625,32686.25
2023-12-15,META,334.9200134277344,4719.18994140625,7596.91015625,32970.55078125
2023-12-18,META,344.6199951171875,4740.56005859375,7568.85986328125,32758.98046875
2023-12-19,META,350.3599853515625,4768.3701171875,7574.669921875,33219.390625
2023-12-20,META,349.2799987792969,4698.35009765625,7583.43017578125,33675.94140625
2023-12-21,META,354.0899963378906,4746.75,7571.39990234375,33140.46875
2023-12-22,META,353.3900146484375,4754.6298828125,7568.81982421875,33169.05078125
2023-12-25,META,nan,nan,nan,33254.03125
2023-12-26,META,354.8299865722656,4774.75,nan,33305.8515625
2023-12-27,META,357.8299865722656,4781.580078125,7571.81982421875,33681.23828125
2023-12-28,META,358.32000732421875,4783.35009765625,7535.16015625,33539.62109375
2023-12-29,META,353.9599914550781,4769.830078125,7543.18017578125,33464.171875
2024-01-02,META,346.2900085449219,4742.830078125,7530.85986328125,nan
2024-01-03,META,344.4700012207031,4704.81005859375,7411.85986328125,nan
2024-01-04,META,347.1199951171875,4688.68017578125,7450.6298828125,33288.2890625
2024-01-05,META,351.95001220703125,4697.240234375,7420.68994140625,33377.421875
